cat,name,meaning,gif,source
01 早盘问候,Bună dimineața — 倒咖啡,早上好；适合开盘前第一次问候,https://media1.tenor.com/m/rNMboUseoJ8AAAAd/buna-dimineata.gif,https://tenor.com/view/buna-dimineata-gif-27365050
01 早盘问候,Bună dimineața — 咖啡笑脸,友好、轻松的早盘问候,https://media1.tenor.com/m/ZNnfgyHKkcYAAAAd/bun%C4%83-diminea%C8%9Ba.gif,https://tenor.com/view/bun%C4%83-diminea%C8%9Ba-gif-7267085228039639494
01 早盘问候,Bună dimineața — 咖啡杯,成熟群聊日常早安,https://media1.tenor.com/m/goLbf58nfywAAAAd/buna-dimineata.gif,https://tenor.com/view/buna-dimineata-gif-27365057
01 早盘问候,O zi frumoasă — 心形咖啡,祝今天顺利；适合早盘问候结束,https://media1.tenor.com/m/8VsKiE_i9u0AAAAd/o-zi-frumoasa-buna-dimineata.gif,https://tenor.com/view/o-zi-frumoasa-buna-dimineata-la-cafea-gif-20074353
01 早盘问候,Bună dimineața — 咖啡鲜花,罗马尼亚语早安；偏成熟社交风格,https://media1.tenor.com/m/QF5LStOnSCMAAAAd/buna-dimineata.gif,https://tenor.com/search/bun%C4%83-diminea%C8%9Ba-gifs
02 思考与认可,Thinking / Hmm,先思考，不急着认同或反对,https://media1.tenor.com/m/-AII38AzbGoAAAAd/thinking-reaction.gif,https://tenor.com/view/thinking-reaction-hmm-gif-15925819
02 思考与认可,Facepalm — 西装反应,对明显失误、离谱消息表示无语,https://media1.tenor.com/m/XWXoX_no0awAAAAd/epic-facepalm.gif,https://tenor.com/view/epic-facepalm-reaction-emotion-feelings-gif-7504965
02 思考与认可,Bravo — 鼓掌,认可分析、预测或执行,https://media1.tenor.com/m/gHYsQF4yETcAAAAd/bravo-applause.gif,https://tenor.com/view/bravo-applause-gif-gif-26632271
02 思考与认可,Leonardo — 克制鼓掌,成熟群里表示认可/不错,https://media.tenor.com/NabW5Fd7IgsAAAAM/clapping-leonardo-dicaprio.gif,https://tenor.com/view/bravo-applause-gif-gif-26632271
03 罗马尼亚本地反应,Dorel & Giani — 微笑,轻松回应、熟人调侃,https://media1.tenor.com/m/bG7vHUl3c7AAAAAd/dorel-las-fierbinti.gif,https://tenor.com/view/dorel-las-fierbinti-lasfierbinti-gif-7813445312600044464
03 罗马尼亚本地反应,"Bă, ești nebun?",“真的假的/疯了吧”；适合突然暴涨暴跌,https://media.tenor.com/7Y4Erg2ZwF8AAAAM/ba-esti.gif,https://tenor.com/view/ba-esti-prost-nebun-ba-esti-nebun-gif-17117624379280834655
03 罗马尼亚本地反应,Dorel — Cărămidă,本地幽默反应；适合成员开玩笑,https://media.tenor.com/JviKNv2to9sAAAAM/dorel-caramida.gif,https://tenor.com/view/dorel-las-fierbinti-lasfierbinti-gif-7813445312600044464
03 罗马尼亚本地反应,Dorel — Vlad și,疑惑/反应类本地梗,https://media.tenor.com/YJ1WbmmDEc0AAAAM/vlad-si.gif,https://tenor.com/view/dorel-las-fierbinti-lasfierbinti-gif-7813445312600044464
03 罗马尼亚本地反应,Dorel — Happy,判断正确或轻松好消息,https://media.tenor.com/Nmt9Tmr6iZ4AAAAM/dorel-happy.gif,https://tenor.com/view/dorel-las-fierbinti-lasfierbinti-gif-7813445312600044464
03 罗马尼亚本地反应,Dorel — Soos 笑,小范围玩笑/吐槽,https://media.tenor.com/kyl7qNjSZFwAAAAM/dorel-soos.gif,https://tenor.com/view/dorel-las-fierbinti-lasfierbinti-gif-7813445312600044464
03 罗马尼亚本地反应,Dorel — Soos 无奈,看不懂市场/无奈,https://media.tenor.com/_u5BOwROE70AAAAM/dorel-soos.gif,https://tenor.com/view/dorel-las-fierbinti-lasfierbinti-gif-7813445312600044464
03 罗马尼亚本地反应,Dorel — 近脸反应,惊讶/疑惑,https://media.tenor.com/zt4-U3oG5XgAAAAM/dorel.gif,https://tenor.com/view/dorel-las-fierbinti-lasfierbinti-gif-7813445312600044464
03 罗马尼亚本地反应,"Ce-ai făcut, Bobiță?",“你干了什么”；调侃误操作或判断失误,https://media1.tenor.com/m/N0nlYWaIGg0AAAAd/las-fierbinti-dorel.gif,https://tenor.com/view/las-fierbinti-dorel-dorel-plange-ce-ai-facut-bobita-gif-3983967551880698381
03 罗马尼亚本地反应,Dorel — milioane,谈到金额/收益时的轻松本地梗,https://media.tenor.com/CZ4oMDqwv_AAAAAM/dorel-milioane.gif,https://tenor.com/view/las-fierbinti-dorel-dorel-plange-ce-ai-facut-bobita-gif-3983967551880698381
03 罗马尼亚本地反应,Dorel — Japoniaa,轻松吐槽/群聊梗,https://media.tenor.com/3qKdb9ZacIEAAAAM/japoniaa.gif,https://tenor.com/view/las-fierbinti-dorel-dorel-plange-ce-ai-facut-bobita-gif-3983967551880698381
04 Becali 本地反应,Gigi Becali — 大笑,好消息、判断正确后的轻松反应,https://media1.tenor.com/m/pO5m-83IbH4AAAAd/gigi-becali.gif,https://tenor.com/view/gigi-becali-laugh-gif-13564376
04 Becali 本地反应,Becali — 跳舞,盈利后偶尔庆祝；不建议高频,https://media1.tenor.com/m/GN0yQeRcTHgAAAAd/becali-gigi-becali.gif,https://tenor.com/view/becali-gigi-becali-gif-23776541
04 Becali 本地反应,Becali — 站立反应,强调/自信回应,https://media.tenor.com/gBo4jaTt6HsAAAAM/becali-gigi-becali.gif,https://tenor.com/view/becali-gigi-becali-gif-23776541
04 Becali 本地反应,Becali — Antena Direct,观察/听消息后的反应,https://media.tenor.com/xaj4A8eUtZ0AAAAM/becali.gif,https://tenor.com/view/becali-gigi-becali-gif-23776541
04 Becali 本地反应,Becali — 强烈反应,对重大消息或剧烈波动反应,https://media.tenor.com/Jua1lATtN1cAAAAM/becali-gigi-becali.gif,https://tenor.com/view/becali-gigi-becali-gif-23776541
04 Becali 本地反应,Becali — 握手,认可、达成共识,https://media.tenor.com/eEukci10LBMAAAAM/becali.gif,https://tenor.com/view/becali-gigi-becali-gif-23776541
04 Becali 本地反应,Becali — mafiot 1,调侃式自信/强势,https://media.tenor.com/Aa-KwJt9rGMAAAAM/becali-mafiot.gif,https://tenor.com/view/becali-gigi-becali-gif-23776541
04 Becali 本地反应,Becali — mafiot 2,群内玩笑，不宜正式场景高频使用,https://media.tenor.com/N9gFXRwlL6wAAAAM/becali-mafiot.gif,https://tenor.com/view/becali-gigi-becali-gif-23776541
04 Becali 本地反应,Becali — matematică,“算一算/分析一下”的幽默反应,https://media.tenor.com/QGEGfCbfpUcAAAAM/becali-matematica.gif,https://tenor.com/view/becali-gigi-becali-gif-23776541
05 行情上涨/盈利,Stonks — Stocks Up,上涨/走强；轻度幽默,https://media.tenor.com/jw92b2HUuTAAAAAM/stonks-stocks.gif,https://tenor.com/view/stock-market-crash-gif-20581305
05 行情上涨/盈利,Froge 看上涨图,关注上涨但仍保持观察,https://media.tenor.com/4qcLxD7DenUAAAAM/worry-froge-froge.gif,https://tenor.com/view/stock-market-crash-gif-20581305
05 行情上涨/盈利,Stock screen / 行情屏幕,盘中行情变化,https://media1.tenor.com/m/ThADbNtGWcwAAAAd/stock-market.gif,https://tenor.com/view/stock-market-crash-gif-20581305
06 下跌/风险控制,Bear Market — 红箭头,熊市/风险升高,https://media1.tenor.com/m/QExMlbL2yGMAAAAd/stock-market-stock-market-crash.gif,https://tenor.com/view/stock-market-stock-market-crash-bear-market-gif-4633162322493753443
06 下跌/风险控制,Stock Price Dropping,明显下行或回撤,https://media1.tenor.com/m/dImi4w4Vvz4AAAAd/stock-market-crash.gif,https://tenor.com/view/stock-market-crash-stock-price-dropping-going-down-gif-19950059
06 下跌/风险控制,Stocks Down — 红线,下跌/弱势走势,https://media.tenor.com/LwFztVJLFh4AAAAM/oz-stocks-down.gif,https://tenor.com/view/stock-market-crash-stock-price-dropping-going-down-gif-19950059
06 下跌/风险控制,Let Me Fix This — 分析,下跌时先分析，不慌乱,https://media1.tenor.com/m/VatzVL8hRRUAAAAd/stock-market-crash-let-me-fix-this.gif,https://tenor.com/view/stock-market-crash-let-me-fix-this-calculating-analyze-gif-16439000
07 收盘/庆祝,Cheers — Whiskey,收盘不错、周末或好消息后轻度庆祝,https://media1.tenor.com/m/HLtr8Z2uWjwAAAAd/cheers-toast.gif,https://tenor.com/view/cheers-toast-gif-21106967
07 收盘/庆祝,Cheers — Beer,盈利或好消息后碰杯,https://media.tenor.com/2axGXG0EF3UAAAAM/namit.gif,https://tenor.com/view/cheers-toast-gif-21106967
