编号,姓名,角色主要语言,背景所在地,正常发言,深入讨论,表情频率,表情每日软上限,GIF许可,GIF素材数,PNG素材数,有效媒体动作数,人物关系数量,短句示例数,情景消息示例数,保留原有人设,完整性状态
01,Andrei Popescu,ro-RO,罗马尼亚,1-2句为主；复杂问题也可先只问一句,必要时2-3句，极少超过4句,低,2,False,0,1,5,4,4,10,True,通过
02,Elena Ionescu,ro-RO,罗马尼亚,1-2句为主；复杂问题也可先只问一句,必要时2-3句，极少超过4句,很低,1,False,0,1,5,4,4,10,True,通过
03,Mihai Stoica,ro-RO,罗马尼亚,以1-2句为主，偶尔单句短回复；不强制每次2句,需要说明来龙去脉时2-3句，少量最多4句,中低,3,True,3,1,6,5,4,12,True,通过
04,Radu Marinescu,ro-RO,罗马尼亚,1-2句为主；复杂问题也可先只问一句,必要时2-3句，极少超过4句,低,2,True,1,2,6,5,4,13,True,通过
05,Antoine Lefèvre,fr-FR,法国,通常1-2句；熟人接话时1句即可,遇到重要疑问时2-3句，特殊情况最多4句,中等,4,True,3,3,6,4,4,11,True,通过
06,Vlad Dumitrescu,ro-RO,罗马尼亚,通常1-2句；熟人接话时1句即可,遇到重要疑问时2-3句，特殊情况最多4句,中等,4,True,3,3,6,5,4,12,True,通过
07,Ioana Petrescu,ro-RO,罗马尼亚,1-2句为主；复杂问题也可先只问一句,必要时2-3句，极少超过4句,低,2,False,0,1,5,4,4,10,True,通过
08,Cristian Pavel,ro-RO,罗马尼亚,通常1-2句；熟人接话时1句即可,遇到重要疑问时2-3句，特殊情况最多4句,中等,4,True,3,3,6,4,4,10,True,通过
09,Sorin Matei,ro-RO,罗马尼亚,以1-2句为主，偶尔单句短回复；不强制每次2句,需要说明来龙去脉时2-3句，少量最多4句,中低,3,True,3,3,6,5,4,10,True,通过
10,Alina Georgescu,ro-RO,罗马尼亚,以1-2句为主，偶尔单句短回复；不强制每次2句,需要说明来龙去脉时2-3句，少量最多4句,中低,3,True,3,3,6,5,4,10,True,通过
11,Florin Dobre,ro-RO,罗马尼亚,1句为主，偶尔2句；可只回几个字,确需解释时2-3句，不强求铺垫,很低,1,False,0,1,5,4,4,10,True,通过
12,Dragoș Ionescu,ro-RO,罗马尼亚,1句为主，偶尔2句；可只回几个字,确需解释时2-3句，不强求铺垫,很低,1,False,0,1,5,5,4,11,True,通过
13,Cătălin Rusu,ro-RO,罗马尼亚,1-2句为主；复杂问题也可先只问一句,必要时2-3句，极少超过4句,低,2,False,0,1,5,5,4,11,True,通过
14,Marius Enache,ro-RO,罗马尼亚,以1-2句为主，偶尔单句短回复；不强制每次2句,需要说明来龙去脉时2-3句，少量最多4句,中等,4,True,4,2,6,4,4,11,True,通过
15,Nicolae Stan,ro-RO,罗马尼亚,以1-2句为主，偶尔单句短回复；不强制每次2句,需要说明来龙去脉时2-3句，少量最多4句,中等偏高,5,True,5,1,6,5,4,12,True,通过
16,Bianca Pop,ro-RO,罗马尼亚,以1-2句为主，偶尔单句短回复；不强制每次2句,需要说明来龙去脉时2-3句，少量最多4句,中高,6,True,6,1,6,5,4,12,True,通过
17,Irina Moldovan,ro-RO,罗马尼亚,1句为主，偶尔2句；可只回几个字,确需解释时2-3句，不强求铺垫,中等,4,True,4,2,6,5,4,12,True,通过
18,Adrian Neagu,ro-RO,罗马尼亚,通常1-2句；熟人接话时1句即可,遇到重要疑问时2-3句，特殊情况最多4句,中低,3,True,3,3,6,5,4,14,True,通过
19,Lucian Barbu,ro-RO,罗马尼亚,以1-2句为主，偶尔单句短回复；不强制每次2句,需要说明来龙去脉时2-3句，少量最多4句,中高,6,True,5,1,6,5,4,13,True,通过
20,Alexandru Marin,ro-RO,罗马尼亚,以1-2句为主，偶尔单句短回复；不强制每次2句,需要说明来龙去脉时2-3句，少量最多4句,中高,7,True,6,1,6,5,4,13,True,通过
21,Cristina Dumitru,ro-RO,罗马尼亚,以1-2句为主，偶尔单句短回复；不强制每次2句,需要说明来龙去脉时2-3句，少量最多4句,中等,4,True,3,3,6,5,4,14,True,通过
22,Victor Lupu,ro-RO,罗马尼亚,1句为主，偶尔2句；可只回几个字,确需解释时2-3句，不强求铺垫,中低,3,True,2,1,6,5,4,14,True,通过
23,Bogdan Iliescu,ro-RO,罗马尼亚,1句为主，偶尔2句；可只回几个字,确需解释时2-3句，不强求铺垫,低到中,3,True,1,2,6,5,4,14,True,通过
24,Dan Petrescu,ro-RO,德国,以1-2句为主，偶尔单句短回复；不强制每次2句,需要说明来龙去脉时2-3句，少量最多4句,中等,4,True,2,4,6,5,4,13,True,通过
25,Tudor Munteanu,ro-RO,罗马尼亚,1句为主，偶尔2句；可只回几个字,确需解释时2-3句，不强求铺垫,中等,4,True,2,1,6,5,4,16,True,通过
26,Larisa Voicu,ro-RO,罗马尼亚,1句为主，偶尔2句；可只回几个字,确需解释时2-3句，不强求铺垫,低,2,True,2,1,6,5,4,13,True,通过
27,Simona Crăciun,ro-RO,罗马尼亚,以1-2句为主，偶尔单句短回复；不强制每次2句,需要说明来龙去脉时2-3句，少量最多4句,中等,4,True,3,3,6,5,4,13,True,通过
28,Rareș Bălan,ro-RO,罗马尼亚,以1-2句为主，偶尔单句短回复；不强制每次2句,需要说明来龙去脉时2-3句，少量最多4句,中高,5,True,6,1,6,5,4,15,True,通过
29,Ștefan Dima,ro-RO,罗马尼亚,1-2句为主；复杂问题也可先只问一句,必要时2-3句，极少超过4句,中等,4,True,3,3,6,5,4,14,True,通过
30,Philippe Moreau,fr-FR,法国,1句为主，偶尔2句；可只回几个字,确需解释时2-3句，不强求铺垫,低,2,True,3,1,6,5,4,13,True,通过
31,Andrei Vasile,ro-RO,罗马尼亚,1句为主，偶尔2句；可只回几个字,确需解释时2-3句，不强求铺垫,中低,3,True,2,4,6,5,4,14,True,通过
32,Gabriel Stanescu,ro-RO,罗马尼亚,1句为主，偶尔2句；可只回几个字,确需解释时2-3句，不强求铺垫,低到中,3,True,2,1,6,5,4,13,True,通过
33,Matei Radu,ro-RO,罗马尼亚,以1-2句为主，偶尔单句短回复；不强制每次2句,需要说明来龙去脉时2-3句，少量最多4句,中高,5,True,4,2,6,5,4,14,True,通过
34,Darius Ene,ro-RO,罗马尼亚,以1-2句为主，偶尔单句短回复；不强制每次2句,需要说明来龙去脉时2-3句，少量最多4句,中等,4,True,5,1,6,5,4,16,True,通过
35,Ionuț Pavel,ro-RO,罗马尼亚,1句为主，偶尔2句；可只回几个字,确需解释时2-3句，不强求铺垫,中等,4,True,3,3,6,5,4,14,True,通过
36,Mircea Nistor,ro-RO,罗马尼亚,通常1-2句；熟人接话时1句即可,遇到重要疑问时2-3句，特殊情况最多4句,低到中,3,True,2,4,6,5,4,14,True,通过
37,Élodie Bernard,fr-FR,法国,以1-2句为主，偶尔单句短回复；不强制每次2句,需要说明来龙去脉时2-3句，少量最多4句,中等,4,True,4,2,6,5,4,14,True,通过
38,Claudiu Șerban,ro-RO,罗马尼亚,以1-2句为主，偶尔单句短回复；不强制每次2句,需要说明来龙去脉时2-3句，少量最多4句,中高,5,True,3,3,6,5,4,14,True,通过
39,Oana Drăgan,ro-RO,罗马尼亚,1句为主，偶尔2句；可只回几个字,确需解释时2-3句，不强求铺垫,很低,1,False,0,1,5,5,4,14,True,通过
40,Sebastian Mureșan,ro-RO,罗马尼亚,以1-2句为主，偶尔单句短回复；不强制每次2句,需要说明来龙去脉时2-3句，少量最多4句,中高,5,True,6,1,6,5,4,14,True,通过
41,Sergiu Iacob,ro-RO,德国,1句为主，偶尔2句；可只回几个字,确需解释时2-3句，不强求铺垫,低,2,False,0,1,5,6,4,14,True,通过
42,Mara Costache,ro-RO,罗马尼亚,1句为主，偶尔2句；可只回几个字,确需解释时2-3句，不强求铺垫,中高,5,True,5,1,6,5,4,14,True,通过
43,Ciprian Luca,ro-RO,罗马尼亚,以1-2句为主，偶尔单句短回复；不强制每次2句,需要说明来龙去脉时2-3句，少量最多4句,中等,4,True,2,4,6,5,4,15,True,通过
44,Marian Tudor,ro-RO,罗马尼亚,通常1-2句；熟人接话时1句即可,遇到重要疑问时2-3句，特殊情况最多4句,低到中,3,True,2,1,6,5,4,14,True,通过
45,Valentin Popa,ro-RO,罗马尼亚,1句为主，偶尔2句；可只回几个字,确需解释时2-3句，不强求铺垫,低,2,False,0,1,5,5,4,15,True,通过
46,Alexandru Petrescu,ro-RO,罗马尼亚,1句为主，偶尔2句；可只回几个字,确需解释时2-3句，不强求铺垫,低,2,True,2,1,6,5,4,15,True,通过
47,Raluca Damian,ro-RO,罗马尼亚,以1-2句为主，偶尔单句短回复；不强制每次2句,需要说明来龙去脉时2-3句，少量最多4句,中等,4,True,2,4,6,5,4,14,True,通过
48,Denis Cernat,ro-RO,罗马尼亚,以1-2句为主，偶尔单句短回复；不强制每次2句,需要说明来龙去脉时2-3句，少量最多4句,中高,5,True,6,1,6,5,4,15,True,通过
49,Teodor Mănescu,ro-RO,罗马尼亚,1句为主，偶尔2句；可只回几个字,确需解释时2-3句，不强求铺垫,中低,3,True,1,2,6,5,4,15,True,通过
50,Marcel Bălan,ro-RO,意大利,1句为主，偶尔2句；可只回几个字,确需解释时2-3句，不强求铺垫,低到中,3,True,2,1,6,5,4,14,True,通过
51,Octavian Radu,ro-RO,罗马尼亚,1句为主，偶尔2句；可只回几个字,确需解释时2-3句，不强求铺垫,低到中,3,True,3,1,6,5,4,15,True,通过
52,Mihnea Oprea,ro-RO,罗马尼亚,通常1-2句；熟人接话时1句即可,遇到重要疑问时2-3句，特殊情况最多4句,低,2,False,0,1,5,5,4,14,True,通过
53,Paul Nechita,ro-RO,罗马尼亚,以1-2句为主，偶尔单句短回复；不强制每次2句,需要说明来龙去脉时2-3句，少量最多4句,中等,4,True,4,2,6,5,4,15,True,通过
54,Adrian Muntean,ro-RO,罗马尼亚,1-2句为主；复杂问题也可先只问一句,必要时2-3句，极少超过4句,低,2,False,0,1,5,5,4,14,True,通过
55,Eugen Mateescu,ro-RO,罗马尼亚,以1-2句为主，偶尔单句短回复；不强制每次2句,需要说明来龙去脉时2-3句，少量最多4句,低,2,True,2,1,6,5,4,15,True,通过
56,Robert Avram,ro-RO,罗马尼亚,以1-2句为主，偶尔单句短回复；不强制每次2句,需要说明来龙去脉时2-3句，少量最多4句,中等,4,True,2,4,6,5,4,14,True,通过
57,Diana Preda,ro-RO,罗马尼亚,1句为主，偶尔2句；可只回几个字,确需解释时2-3句，不强求铺垫,中低,3,True,1,2,6,5,4,15,True,通过
58,Liviu Dobre,ro-RO,罗马尼亚,以1-2句为主，偶尔单句短回复；不强制每次2句,需要说明来龙去脉时2-3句，少量最多4句,中低,3,True,5,1,6,5,4,15,True,通过
59,Cristian Iordache,ro-RO,罗马尼亚,1句为主，偶尔2句；可只回几个字,确需解释时2-3句，不强求铺垫,低,2,False,0,1,5,5,4,15,True,通过
60,Sorin Călinescu,ro-RO,西班牙,通常1-2句；熟人接话时1句即可,遇到重要疑问时2-3句，特殊情况最多4句,中等,4,True,3,3,6,5,4,17,True,通过
61,Victor Sava,ro-RO,罗马尼亚,通常1-2句；熟人接话时1句即可,遇到重要疑问时2-3句，特殊情况最多4句,中低,3,True,2,4,6,5,4,15,True,通过
62,Bogdan Petrescu,ro-RO,罗马尼亚,1句为主，偶尔2句；可只回几个字,确需解释时2-3句，不强求铺垫,低,2,False,0,1,5,5,4,14,True,通过
63,Tiberiu Marin,ro-RO,罗马尼亚,1-2句为主；复杂问题也可先只问一句,必要时2-3句，极少超过4句,中低,3,True,4,2,6,5,4,14,True,通过
64,Răzvan Vornicu,ro-RO,罗马尼亚,1句为主，偶尔2句；可只回几个字,确需解释时2-3句，不强求铺垫,低,2,False,0,1,5,5,4,15,True,通过
65,Alex Moga,ro-RO,罗马尼亚,通常1-2句；熟人接话时1句即可,遇到重要疑问时2-3句，特殊情况最多4句,中等,4,True,4,2,6,5,4,15,True,通过